Mon Mar 25 10:42:52 CET 2013;108
Mon Mar 25 10:49:35 CET 2013;108
Mon Mar 25 10:49:38 CET 2013;68
Mon Mar 25 10:49:40 CET 2013;34
Mon Mar 25 10:50:10 CET 2013;108
Mon Mar 25 10:50:56 CET 2013;68
Mon Mar 25 10:50:57 CET 2013;34
Mon Mar 25 10:55:00 CET 2013;108
Mon Mar 25 10:55:05 CET 2013;68
Mon Mar 25 10:55:06 CET 2013;34
Mon Mar 25 11:08:22 CET 2013;108
Mon Mar 25 11:08:44 CET 2013;68
Mon Mar 25 11:09:00 CET 2013;34
Mon Mar 25 11:23:24 CET 2013;78
Mon Mar 25 11:23:24 CET 2013;85
Mon Mar 25 11:23:25 CET 2013;91
Mon Mar 25 11:23:25 CET 2013;96
Mon Mar 25 11:23:25 CET 2013;100
Mon Mar 25 11:23:26 CET 2013;103
Mon Mar 25 11:23:26 CET 2013;105
Mon Mar 25 11:23:26 CET 2013;107
Mon Mar 25 11:23:27 CET 2013;108
Mon Mar 25 11:23:27 CET 2013;109
Mon Mar 25 11:23:28 CET 2013;109
Mon Mar 25 11:23:29 CET 2013;109
Mon Mar 25 11:23:30 CET 2013;109
Mon Mar 25 11:23:30 CET 2013;109
Mon Mar 25 11:23:31 CET 2013;109
Mon Mar 25 11:23:32 CET 2013;109
Mon Mar 25 11:23:33 CET 2013;109
Mon Mar 25 11:23:33 CET 2013;109
Mon Mar 25 11:23:34 CET 2013;109
Mon Mar 25 11:23:35 CET 2013;109
Mon Mar 25 11:23:36 CET 2013;109
Mon Mar 25 11:23:36 CET 2013;109
Mon Mar 25 11:23:37 CET 2013;109
Mon Mar 25 11:23:38 CET 2013;109
Mon Mar 25 11:23:39 CET 2013;109
Mon Mar 25 11:23:39 CET 2013;109
Mon Mar 25 11:23:40 CET 2013;109
Mon Mar 25 11:23:41 CET 2013;109
Mon Mar 25 11:23:41 CET 2013;109
Mon Mar 25 11:23:42 CET 2013;109
Mon Mar 25 11:23:43 CET 2013;109
Mon Mar 25 11:23:44 CET 2013;109
Mon Mar 25 11:23:44 CET 2013;109
Mon Mar 25 11:23:46 CET 2013;109
Mon Mar 25 11:23:46 CET 2013;109
Mon Mar 25 11:23:47 CET 2013;109
Mon Mar 25 11:23:48 CET 2013;109
Mon Mar 25 11:23:48 CET 2013;109
Mon Mar 25 11:23:49 CET 2013;109
Mon Mar 25 11:23:50 CET 2013;109
Mon Mar 25 11:23:51 CET 2013;109
Mon Mar 25 11:23:52 CET 2013;109
Mon Mar 25 11:23:52 CET 2013;109
Mon Mar 25 11:23:53 CET 2013;109
Mon Mar 25 11:23:54 CET 2013;109
Mon Mar 25 11:23:55 CET 2013;109
Mon Mar 25 11:23:55 CET 2013;109
Mon Mar 25 11:23:56 CET 2013;109
Mon Mar 25 11:23:57 CET 2013;109
Mon Mar 25 11:23:57 CET 2013;109
Mon Mar 25 11:23:58 CET 2013;109
Mon Mar 25 11:23:59 CET 2013;109
Mon Mar 25 11:23:59 CET 2013;109
Mon Mar 25 11:24:00 CET 2013;109
Mon Mar 25 11:24:01 CET 2013;109
Mon Mar 25 11:24:01 CET 2013;109
Mon Mar 25 11:24:02 CET 2013;109
Mon Mar 25 11:24:03 CET 2013;109
Mon Mar 25 11:24:04 CET 2013;109
Mon Mar 25 11:24:05 CET 2013;109
Mon Mar 25 11:24:05 CET 2013;109
Mon Mar 25 11:24:06 CET 2013;109
Mon Mar 25 11:24:07 CET 2013;109
Mon Mar 25 11:24:07 CET 2013;109
Mon Mar 25 11:24:08 CET 2013;109
Mon Mar 25 11:24:09 CET 2013;109
Mon Mar 25 11:24:10 CET 2013;109
Mon Mar 25 11:24:11 CET 2013;109
Mon Mar 25 11:24:11 CET 2013;109
Mon Mar 25 11:24:12 CET 2013;109
Mon Mar 25 11:24:13 CET 2013;109
Mon Mar 25 11:24:14 CET 2013;109
Mon Mar 25 11:24:14 CET 2013;109
Mon Mar 25 11:24:15 CET 2013;109
Mon Mar 25 11:24:16 CET 2013;109
Mon Mar 25 11:24:17 CET 2013;109
Mon Mar 25 11:24:18 CET 2013;109
Mon Mar 25 11:24:18 CET 2013;109
Mon Mar 25 11:24:19 CET 2013;109
Mon Mar 25 11:24:20 CET 2013;109
Mon Mar 25 11:24:21 CET 2013;109
Mon Mar 25 11:24:21 CET 2013;109
Mon Mar 25 11:24:22 CET 2013;109
Mon Mar 25 11:24:23 CET 2013;109
Mon Mar 25 11:24:23 CET 2013;109
Mon Mar 25 11:24:24 CET 2013;109
Mon Mar 25 11:24:25 CET 2013;109
Mon Mar 25 11:24:25 CET 2013;109
Mon Mar 25 11:24:26 CET 2013;109
Mon Mar 25 11:24:27 CET 2013;109
Mon Mar 25 11:24:27 CET 2013;109
Mon Mar 25 11:24:28 CET 2013;109
Mon Mar 25 11:24:29 CET 2013;109
Mon Mar 25 11:24:30 CET 2013;109
Mon Mar 25 11:24:30 CET 2013;109
Mon Mar 25 11:24:31 CET 2013;109
Mon Mar 25 11:24:32 CET 2013;109
Mon Mar 25 11:24:32 CET 2013;109
Mon Mar 25 11:24:33 CET 2013;109
Mon Mar 25 11:24:34 CET 2013;109
Mon Mar 25 11:24:35 CET 2013;109
Mon Mar 25 11:24:35 CET 2013;109
Mon Mar 25 11:24:36 CET 2013;109
Mon Mar 25 11:24:37 CET 2013;109
Mon Mar 25 11:24:38 CET 2013;109
Mon Mar 25 11:24:38 CET 2013;109
Mon Mar 25 11:24:39 CET 2013;109
Mon Mar 25 11:24:40 CET 2013;109
Mon Mar 25 11:24:41 CET 2013;109
Mon Mar 25 11:24:42 CET 2013;109
Mon Mar 25 11:24:42 CET 2013;109
Mon Mar 25 11:24:43 CET 2013;109
Mon Mar 25 11:24:44 CET 2013;109
Mon Mar 25 11:24:44 CET 2013;109
Mon Mar 25 11:24:45 CET 2013;109
Mon Mar 25 11:24:46 CET 2013;109
Mon Mar 25 11:24:46 CET 2013;109
Mon Mar 25 11:24:47 CET 2013;109
Mon Mar 25 11:24:48 CET 2013;109
Mon Mar 25 11:24:48 CET 2013;109
Mon Mar 25 11:24:49 CET 2013;109
Mon Mar 25 11:24:50 CET 2013;109
Mon Mar 25 11:24:50 CET 2013;109
Mon Mar 25 11:24:51 CET 2013;109
Mon Mar 25 11:24:52 CET 2013;109
Mon Mar 25 11:24:53 CET 2013;109
Mon Mar 25 11:24:53 CET 2013;109
Mon Mar 25 11:24:54 CET 2013;109
Mon Mar 25 11:24:55 CET 2013;109
Mon Mar 25 11:24:56 CET 2013;109
Mon Mar 25 11:24:56 CET 2013;109
Mon Mar 25 11:24:57 CET 2013;109
Mon Mar 25 11:24:58 CET 2013;109
Mon Mar 25 11:24:58 CET 2013;109
Mon Mar 25 11:24:59 CET 2013;109
Mon Mar 25 11:25:00 CET 2013;109
Mon Mar 25 11:25:01 CET 2013;109
Mon Mar 25 11:25:02 CET 2013;109
Mon Mar 25 11:25:02 CET 2013;109
Mon Mar 25 11:25:03 CET 2013;109
Mon Mar 25 11:25:04 CET 2013;109
Mon Mar 25 11:25:04 CET 2013;109
Mon Mar 25 11:25:05 CET 2013;109
Mon Mar 25 11:25:06 CET 2013;109
Mon Mar 25 11:25:06 CET 2013;109
Mon Mar 25 11:25:07 CET 2013;109
Mon Mar 25 11:25:08 CET 2013;109
Mon Mar 25 11:25:08 CET 2013;109
Mon Mar 25 11:25:09 CET 2013;109
Mon Mar 25 11:25:10 CET 2013;109
Mon Mar 25 11:25:11 CET 2013;109
Mon Mar 25 11:25:12 CET 2013;109
Mon Mar 25 11:25:12 CET 2013;109
Mon Mar 25 11:25:13 CET 2013;109
Mon Mar 25 11:25:13 CET 2013;109
Mon Mar 25 11:25:14 CET 2013;109
Mon Mar 25 11:25:15 CET 2013;109
Mon Mar 25 11:25:16 CET 2013;109
Mon Mar 25 11:25:16 CET 2013;109
Mon Mar 25 11:25:17 CET 2013;109
Mon Mar 25 11:25:18 CET 2013;109
Mon Mar 25 11:25:18 CET 2013;109
Mon Mar 25 11:25:19 CET 2013;109
Mon Mar 25 11:25:20 CET 2013;109
Mon Mar 25 11:25:21 CET 2013;109
Mon Mar 25 11:25:21 CET 2013;109
Mon Mar 25 11:25:22 CET 2013;109
Mon Mar 25 11:25:23 CET 2013;109
Mon Mar 25 11:25:23 CET 2013;109
Mon Mar 25 11:25:24 CET 2013;109
Mon Mar 25 11:25:25 CET 2013;109
Mon Mar 25 11:25:25 CET 2013;109
Mon Mar 25 11:25:26 CET 2013;109
Mon Mar 25 11:25:27 CET 2013;109
Mon Mar 25 11:25:27 CET 2013;109
Mon Mar 25 11:25:28 CET 2013;109
Mon Mar 25 11:25:29 CET 2013;109
Mon Mar 25 11:25:29 CET 2013;109
Mon Mar 25 11:25:30 CET 2013;109
Mon Mar 25 11:33:34 CET 2013;78
Mon Mar 25 11:33:34 CET 2013;85
Mon Mar 25 11:33:35 CET 2013;91
Mon Mar 25 11:33:35 CET 2013;96
Mon Mar 25 11:33:35 CET 2013;100
Mon Mar 25 11:33:36 CET 2013;103
Mon Mar 25 11:33:36 CET 2013;105
Mon Mar 25 11:33:37 CET 2013;107
Mon Mar 25 11:33:37 CET 2013;108
Mon Mar 25 11:33:38 CET 2013;109
Mon Mar 25 11:33:39 CET 2013;109
Mon Mar 25 11:33:39 CET 2013;109
Mon Mar 25 11:33:40 CET 2013;109
Mon Mar 25 11:33:41 CET 2013;109
Mon Mar 25 11:33:42 CET 2013;109
Mon Mar 25 11:33:42 CET 2013;109
Mon Mar 25 11:33:43 CET 2013;109
Mon Mar 25 11:33:44 CET 2013;109
Mon Mar 25 11:33:45 CET 2013;109
Mon Mar 25 11:33:45 CET 2013;109
Mon Mar 25 11:33:46 CET 2013;109
Mon Mar 25 11:33:47 CET 2013;109
Mon Mar 25 11:33:47 CET 2013;109
Mon Mar 25 11:33:48 CET 2013;109
Mon Mar 25 11:33:49 CET 2013;109
Mon Mar 25 11:33:50 CET 2013;109
Mon Mar 25 11:33:50 CET 2013;109
Mon Mar 25 11:33:51 CET 2013;109
Mon Mar 25 11:33:52 CET 2013;109
Mon Mar 25 11:33:52 CET 2013;109
Mon Mar 25 11:33:53 CET 2013;109
Mon Mar 25 11:33:54 CET 2013;109
Mon Mar 25 11:33:55 CET 2013;109
Mon Mar 25 11:33:55 CET 2013;109
Mon Mar 25 11:33:56 CET 2013;109
Mon Mar 25 11:33:57 CET 2013;109
Mon Mar 25 11:33:58 CET 2013;109
Mon Mar 25 11:33:58 CET 2013;109
Mon Mar 25 11:34:00 CET 2013;109
Mon Mar 25 11:34:00 CET 2013;109
Mon Mar 25 11:34:01 CET 2013;109
Mon Mar 25 11:34:02 CET 2013;109
Mon Mar 25 11:34:02 CET 2013;109
Mon Mar 25 11:34:03 CET 2013;109
Mon Mar 25 11:34:04 CET 2013;109
Mon Mar 25 11:34:04 CET 2013;109
Mon Mar 25 11:34:05 CET 2013;109
Mon Mar 25 11:34:06 CET 2013;109
Mon Mar 25 11:34:07 CET 2013;109
Mon Mar 25 11:34:07 CET 2013;109
Mon Mar 25 11:34:08 CET 2013;109
Mon Mar 25 11:34:09 CET 2013;109
Mon Mar 25 11:34:10 CET 2013;109
Mon Mar 25 11:34:10 CET 2013;109
Mon Mar 25 11:34:11 CET 2013;109
Mon Mar 25 11:34:11 CET 2013;109
Mon Mar 25 11:34:12 CET 2013;109
Mon Mar 25 11:34:13 CET 2013;109
Mon Mar 25 11:34:14 CET 2013;109
Mon Mar 25 11:34:15 CET 2013;109
Mon Mar 25 11:34:15 CET 2013;109
Mon Mar 25 11:34:16 CET 2013;109
Mon Mar 25 11:34:17 CET 2013;109
Mon Mar 25 11:34:17 CET 2013;109
Mon Mar 25 11:34:18 CET 2013;109
Mon Mar 25 11:34:18 CET 2013;109
Mon Mar 25 11:34:19 CET 2013;109
Mon Mar 25 11:34:20 CET 2013;109
Mon Mar 25 11:34:21 CET 2013;109
Mon Mar 25 11:34:21 CET 2013;109
Mon Mar 25 11:34:22 CET 2013;109
Mon Mar 25 11:34:23 CET 2013;109
Mon Mar 25 11:34:23 CET 2013;109
Mon Mar 25 11:34:24 CET 2013;109
Mon Mar 25 11:34:25 CET 2013;109
Mon Mar 25 11:34:25 CET 2013;109
Mon Mar 25 11:34:26 CET 2013;109
Mon Mar 25 11:34:27 CET 2013;109
Mon Mar 25 11:34:27 CET 2013;109
Mon Mar 25 11:34:28 CET 2013;109
Mon Mar 25 11:34:29 CET 2013;109
Mon Mar 25 11:34:29 CET 2013;109
Mon Mar 25 11:34:30 CET 2013;109
Mon Mar 25 11:34:31 CET 2013;109
Mon Mar 25 11:34:31 CET 2013;109
Mon Mar 25 11:34:32 CET 2013;109
Mon Mar 25 11:34:33 CET 2013;109
Mon Mar 25 11:34:33 CET 2013;109
Mon Mar 25 11:34:34 CET 2013;109
Mon Mar 25 11:34:35 CET 2013;109
Mon Mar 25 11:34:36 CET 2013;109
Mon Mar 25 11:34:36 CET 2013;109
Mon Mar 25 11:34:37 CET 2013;109
Mon Mar 25 11:34:38 CET 2013;109
Mon Mar 25 11:34:38 CET 2013;109
Mon Mar 25 11:34:39 CET 2013;109
Mon Mar 25 11:34:40 CET 2013;109
Mon Mar 25 11:34:41 CET 2013;109
Mon Mar 25 11:34:42 CET 2013;109
Mon Mar 25 11:34:42 CET 2013;108
Mon Mar 25 11:34:43 CET 2013;106
Mon Mar 25 11:34:43 CET 2013;104
Mon Mar 25 11:34:44 CET 2013;95
Mon Mar 25 11:34:44 CET 2013;88
Mon Mar 25 11:34:44 CET 2013;82
Mon Mar 25 11:34:45 CET 2013;72
Mon Mar 25 11:34:45 CET 2013;64
Mon Mar 25 11:34:45 CET 2013;58
Mon Mar 25 11:34:46 CET 2013;53
Mon Mar 25 11:34:46 CET 2013;49
Mon Mar 25 11:34:46 CET 2013;45
Mon Mar 25 11:34:47 CET 2013;42
Mon Mar 25 11:34:47 CET 2013;40
Mon Mar 25 11:34:48 CET 2013;39
Mon Mar 25 11:34:48 CET 2013;38
Mon Mar 25 11:34:48 CET 2013;37
Mon Mar 25 11:34:49 CET 2013;36
Mon Mar 25 11:34:49 CET 2013;36
Mon Mar 25 11:34:50 CET 2013;36
Mon Mar 25 11:34:50 CET 2013;36
Mon Mar 25 11:34:50 CET 2013;36
Mon Mar 25 11:34:51 CET 2013;36
Mon Mar 25 11:34:51 CET 2013;36
Mon Mar 25 11:34:51 CET 2013;36
Mon Mar 25 11:34:52 CET 2013;36
Mon Mar 25 11:34:52 CET 2013;36
Mon Mar 25 11:34:53 CET 2013;37
Mon Mar 25 11:34:53 CET 2013;37
Mon Mar 25 11:34:53 CET 2013;38
Mon Mar 25 11:34:54 CET 2013;40
Mon Mar 25 11:34:54 CET 2013;42
Mon Mar 25 11:34:54 CET 2013;43
Mon Mar 25 11:34:55 CET 2013;46
Mon Mar 25 11:34:55 CET 2013;49
Mon Mar 25 11:34:56 CET 2013;51
Mon Mar 25 11:34:56 CET 2013;53
Mon Mar 25 11:34:56 CET 2013;55
Mon Mar 25 11:34:57 CET 2013;56
Mon Mar 25 11:34:57 CET 2013;57
Mon Mar 25 11:34:57 CET 2013;58
Mon Mar 25 11:34:58 CET 2013;58
Mon Mar 25 11:34:58 CET 2013;59
Mon Mar 25 11:34:59 CET 2013;60
Mon Mar 25 11:34:59 CET 2013;60
Mon Mar 25 11:34:59 CET 2013;60
Mon Mar 25 11:35:00 CET 2013;61
Mon Mar 25 11:35:00 CET 2013;62
Mon Mar 25 11:35:00 CET 2013;63
Mon Mar 25 11:35:01 CET 2013;65
Mon Mar 25 11:35:01 CET 2013;67
Mon Mar 25 11:35:01 CET 2013;68
Mon Mar 25 11:35:02 CET 2013;70
Mon Mar 25 11:35:02 CET 2013;72
Mon Mar 25 11:35:03 CET 2013;75
Mon Mar 25 11:35:03 CET 2013;77
Mon Mar 25 11:35:03 CET 2013;79
Mon Mar 25 11:35:04 CET 2013;82
Mon Mar 25 11:35:04 CET 2013;84
Mon Mar 25 11:35:04 CET 2013;86
Mon Mar 25 11:35:05 CET 2013;89
Mon Mar 25 11:35:05 CET 2013;91
Mon Mar 25 11:35:05 CET 2013;93
Mon Mar 25 11:35:06 CET 2013;96
Mon Mar 25 11:35:06 CET 2013;98
Mon Mar 25 11:35:07 CET 2013;101
Mon Mar 25 11:35:07 CET 2013;103
Mon Mar 25 11:35:08 CET 2013;106
Mon Mar 25 11:35:08 CET 2013;108
Mon Mar 25 11:35:09 CET 2013;109
Mon Mar 25 11:35:09 CET 2013;109
Mon Mar 25 11:35:10 CET 2013;106
Mon Mar 25 11:35:10 CET 2013;104
Mon Mar 25 11:35:10 CET 2013;103
Mon Mar 25 11:35:11 CET 2013;99
Mon Mar 25 11:35:11 CET 2013;95
Mon Mar 25 11:35:12 CET 2013;90
Mon Mar 25 11:35:12 CET 2013;86
Mon Mar 25 11:35:12 CET 2013;83
Mon Mar 25 11:35:13 CET 2013;81
Mon Mar 25 11:35:13 CET 2013;79
Mon Mar 25 11:35:13 CET 2013;78
Mon Mar 25 11:35:14 CET 2013;77
Mon Mar 25 11:35:14 CET 2013;76
Mon Mar 25 11:35:15 CET 2013;76
Mon Mar 25 11:35:15 CET 2013;75
Mon Mar 25 11:35:15 CET 2013;75
Mon Mar 25 11:35:16 CET 2013;74
Mon Mar 25 11:35:16 CET 2013;73
Mon Mar 25 11:35:16 CET 2013;73
Mon Mar 25 11:35:17 CET 2013;72
Mon Mar 25 11:35:17 CET 2013;71
Mon Mar 25 11:35:17 CET 2013;70
Mon Mar 25 11:35:18 CET 2013;68
Mon Mar 25 11:35:18 CET 2013;66
Mon Mar 25 11:35:18 CET 2013;65
Mon Mar 25 11:35:19 CET 2013;63
Mon Mar 25 11:35:19 CET 2013;62
Mon Mar 25 11:35:20 CET 2013;61
Mon Mar 25 11:35:20 CET 2013;60
Mon Mar 25 11:35:20 CET 2013;59
Mon Mar 25 11:35:21 CET 2013;59
Mon Mar 25 11:35:21 CET 2013;59
Mon Mar 25 11:35:21 CET 2013;59
Mon Mar 25 11:35:22 CET 2013;59
Mon Mar 25 11:35:22 CET 2013;59
Mon Mar 25 11:35:22 CET 2013;59
Mon Mar 25 11:35:23 CET 2013;59
Mon Mar 25 11:35:23 CET 2013;59
Mon Mar 25 11:35:23 CET 2013;59
Mon Mar 25 11:35:24 CET 2013;59
Mon Mar 25 11:35:24 CET 2013;59
Mon Mar 25 11:35:25 CET 2013;59
Mon Mar 25 11:35:25 CET 2013;59
Mon Mar 25 11:35:25 CET 2013;59
Mon Mar 25 11:35:26 CET 2013;59
Mon Mar 25 11:35:26 CET 2013;59
Mon Mar 25 11:35:27 CET 2013;60
Mon Mar 25 11:35:27 CET 2013;61
Mon Mar 25 11:35:28 CET 2013;62
Mon Mar 25 11:35:28 CET 2013;64
Mon Mar 25 11:35:28 CET 2013;65
Mon Mar 25 11:35:29 CET 2013;67
Mon Mar 25 11:35:29 CET 2013;69
Mon Mar 25 11:35:29 CET 2013;70
Mon Mar 25 11:35:30 CET 2013;71
Mon Mar 25 11:35:30 CET 2013;72
Mon Mar 25 11:35:30 CET 2013;73
Mon Mar 25 11:35:31 CET 2013;74
Mon Mar 25 11:35:31 CET 2013;74
Mon Mar 25 11:35:31 CET 2013;74
Mon Mar 25 11:35:32 CET 2013;74
Mon Mar 25 11:35:32 CET 2013;74
Mon Mar 25 11:35:33 CET 2013;74
Mon Mar 25 11:35:33 CET 2013;74
Mon Mar 25 11:35:33 CET 2013;74
Mon Mar 25 11:35:34 CET 2013;74
Mon Mar 25 11:35:34 CET 2013;74
Mon Mar 25 11:35:34 CET 2013;74
Mon Mar 25 11:35:35 CET 2013;74
Mon Mar 25 11:35:35 CET 2013;74
Mon Mar 25 11:35:35 CET 2013;74
Mon Mar 25 11:35:36 CET 2013;74
Mon Mar 25 11:35:36 CET 2013;74
Mon Mar 25 11:35:37 CET 2013;74
Mon Mar 25 11:35:37 CET 2013;74
Mon Mar 25 11:35:37 CET 2013;74
Mon Mar 25 11:35:38 CET 2013;74
Mon Mar 25 11:35:38 CET 2013;74
Mon Mar 25 11:35:38 CET 2013;74
Mon Mar 25 11:35:39 CET 2013;77
Mon Mar 25 11:35:39 CET 2013;79
Mon Mar 25 11:35:39 CET 2013;81
Mon Mar 25 11:35:40 CET 2013;87
Mon Mar 25 11:35:40 CET 2013;92
Mon Mar 25 11:35:41 CET 2013;97
Mon Mar 25 11:35:41 CET 2013;101
Mon Mar 25 11:35:41 CET 2013;104
Mon Mar 25 11:35:42 CET 2013;106
Mon Mar 25 11:35:42 CET 2013;108
Mon Mar 25 11:35:43 CET 2013;109
Mon Mar 25 11:35:43 CET 2013;109
Mon Mar 25 11:35:44 CET 2013;109
Mon Mar 25 11:35:45 CET 2013;109
Mon Mar 25 11:35:45 CET 2013;108
Mon Mar 25 11:35:46 CET 2013;99
Mon Mar 25 11:35:46 CET 2013;92
Mon Mar 25 11:35:46 CET 2013;86
Mon Mar 25 11:35:47 CET 2013;73
Mon Mar 25 11:35:47 CET 2013;63
Mon Mar 25 11:35:47 CET 2013;55
Mon Mar 25 11:35:48 CET 2013;49
Mon Mar 25 11:35:48 CET 2013;44
Mon Mar 25 11:35:49 CET 2013;40
Mon Mar 25 11:35:49 CET 2013;37
Mon Mar 25 11:35:49 CET 2013;35
Mon Mar 25 11:35:50 CET 2013;33
Mon Mar 25 11:35:50 CET 2013;33
Mon Mar 25 11:35:51 CET 2013;33
Mon Mar 25 11:35:52 CET 2013;33
Mon Mar 25 11:35:52 CET 2013;33
Mon Mar 25 11:35:53 CET 2013;33
Mon Mar 25 11:35:54 CET 2013;33
Mon Mar 25 11:35:54 CET 2013;33
Mon Mar 25 11:35:55 CET 2013;33
Mon Mar 25 11:35:55 CET 2013;33
Mon Mar 25 11:35:56 CET 2013;33
Mon Mar 25 11:35:56 CET 2013;33
Mon Mar 25 11:35:57 CET 2013;33
Mon Mar 25 11:35:58 CET 2013;33
Mon Mar 25 11:35:58 CET 2013;33
Mon Mar 25 11:35:59 CET 2013;33
Mon Mar 25 11:35:59 CET 2013;33
Mon Mar 25 11:36:00 CET 2013;33
Mon Mar 25 11:36:01 CET 2013;33
Mon Mar 25 11:36:01 CET 2013;33
Mon Mar 25 11:36:02 CET 2013;33
Mon Mar 25 11:36:02 CET 2013;33
Mon Mar 25 11:36:03 CET 2013;33
Mon Mar 25 11:36:04 CET 2013;33
Mon Mar 25 11:36:04 CET 2013;33
Mon Mar 25 11:36:05 CET 2013;33
Mon Mar 25 11:36:05 CET 2013;33
Mon Mar 25 11:36:06 CET 2013;33
Mon Mar 25 11:36:07 CET 2013;33
Mon Mar 25 11:36:07 CET 2013;33
Mon Mar 25 11:36:08 CET 2013;33
Mon Mar 25 11:36:08 CET 2013;33
Mon Mar 25 11:36:09 CET 2013;33
Mon Mar 25 11:36:10 CET 2013;33
Mon Mar 25 11:36:10 CET 2013;33
Mon Mar 25 11:36:11 CET 2013;33
Mon Mar 25 11:36:11 CET 2013;33
Mon Mar 25 11:36:12 CET 2013;33
Mon Mar 25 11:36:12 CET 2013;33
Mon Mar 25 11:36:13 CET 2013;33
Mon Mar 25 11:36:14 CET 2013;33
Mon Mar 25 11:36:14 CET 2013;33
Mon Mar 25 11:36:15 CET 2013;33
Mon Mar 25 11:36:15 CET 2013;33
Mon Mar 25 11:36:16 CET 2013;33
Mon Mar 25 11:36:17 CET 2013;33
Mon Mar 25 11:36:17 CET 2013;33
Mon Mar 25 11:36:18 CET 2013;33
Mon Mar 25 11:36:19 CET 2013;33
Mon Mar 25 11:36:19 CET 2013;33
Mon Mar 25 11:36:20 CET 2013;33
Mon Mar 25 11:36:20 CET 2013;35
Mon Mar 25 11:36:20 CET 2013;35
Mon Mar 25 11:36:21 CET 2013;35
Mon Mar 25 11:36:21 CET 2013;35
Mon Mar 25 11:36:22 CET 2013;35
Mon Mar 25 11:36:22 CET 2013;33
Mon Mar 25 11:36:23 CET 2013;33
Mon Mar 25 11:36:23 CET 2013;33
Mon Mar 25 11:36:24 CET 2013;33
Mon Mar 25 11:36:24 CET 2013;33
Mon Mar 25 11:36:25 CET 2013;33
Mon Mar 25 11:36:26 CET 2013;33
Mon Mar 25 11:36:26 CET 2013;33
Mon Mar 25 11:36:27 CET 2013;33
Mon Mar 25 11:36:28 CET 2013;33
Mon Mar 25 11:36:29 CET 2013;33
Mon Mar 25 11:36:29 CET 2013;33
Mon Mar 25 11:36:30 CET 2013;33
Mon Mar 25 11:36:31 CET 2013;33
Mon Mar 25 11:36:31 CET 2013;33
Mon Mar 25 11:36:32 CET 2013;33
Mon Mar 25 11:36:33 CET 2013;33
Mon Mar 25 11:36:34 CET 2013;33
Mon Mar 25 11:36:34 CET 2013;33
Mon Mar 25 11:36:35 CET 2013;33
Mon Mar 25 11:36:36 CET 2013;33
Mon Mar 25 11:36:36 CET 2013;33
Mon Mar 25 11:36:37 CET 2013;33
Mon Mar 25 11:36:37 CET 2013;33
Mon Mar 25 11:36:38 CET 2013;33
Mon Mar 25 11:36:39 CET 2013;33
Mon Mar 25 11:36:39 CET 2013;33
Mon Mar 25 11:36:40 CET 2013;33
Mon Mar 25 11:36:40 CET 2013;33
Mon Mar 25 11:36:41 CET 2013;33
Mon Mar 25 11:36:42 CET 2013;33
Mon Mar 25 11:36:43 CET 2013;33
Mon Mar 25 11:36:43 CET 2013;38
Mon Mar 25 11:36:43 CET 2013;40
Mon Mar 25 11:36:44 CET 2013;48
Mon Mar 25 11:36:44 CET 2013;54
Mon Mar 25 11:36:44 CET 2013;59
Mon Mar 25 11:36:45 CET 2013;64
Mon Mar 25 11:36:45 CET 2013;68
Mon Mar 25 11:36:45 CET 2013;72
Mon Mar 25 11:36:46 CET 2013;75
Mon Mar 25 11:36:46 CET 2013;77
Mon Mar 25 11:36:47 CET 2013;79
Mon Mar 25 11:36:47 CET 2013;80
Mon Mar 25 11:36:48 CET 2013;81
Mon Mar 25 11:36:48 CET 2013;82
Mon Mar 25 11:36:48 CET 2013;83
Mon Mar 25 11:36:49 CET 2013;84
Mon Mar 25 11:36:49 CET 2013;84
Mon Mar 25 11:36:49 CET 2013;84
Mon Mar 25 11:36:50 CET 2013;84
Mon Mar 25 11:36:50 CET 2013;84
Mon Mar 25 11:36:51 CET 2013;84
Mon Mar 25 11:36:51 CET 2013;84
Mon Mar 25 11:36:51 CET 2013;84
Mon Mar 25 11:36:52 CET 2013;84
Mon Mar 25 11:36:52 CET 2013;84
Mon Mar 25 11:36:52 CET 2013;84
Mon Mar 25 11:36:53 CET 2013;84
Mon Mar 25 11:36:54 CET 2013;84
Mon Mar 25 11:36:54 CET 2013;84
Mon Mar 25 11:36:54 CET 2013;84
Mon Mar 25 11:36:55 CET 2013;84
Mon Mar 25 11:36:55 CET 2013;84
Mon Mar 25 11:36:56 CET 2013;84
Mon Mar 25 11:36:56 CET 2013;84
Mon Mar 25 11:36:56 CET 2013;84
Mon Mar 25 11:36:57 CET 2013;84
Mon Mar 25 11:36:57 CET 2013;84
Mon Mar 25 11:36:57 CET 2013;84
Mon Mar 25 11:36:58 CET 2013;84
Mon Mar 25 11:36:58 CET 2013;84
Mon Mar 25 11:36:59 CET 2013;84
Mon Mar 25 11:36:59 CET 2013;84
Mon Mar 25 11:37:00 CET 2013;84
Mon Mar 25 11:37:00 CET 2013;84
Mon Mar 25 11:37:01 CET 2013;84
Mon Mar 25 11:37:01 CET 2013;84
Mon Mar 25 11:37:02 CET 2013;84
Mon Mar 25 11:37:02 CET 2013;84
Mon Mar 25 11:37:02 CET 2013;84
Mon Mar 25 11:37:03 CET 2013;84
Mon Mar 25 11:37:03 CET 2013;84
Mon Mar 25 11:37:03 CET 2013;84
Mon Mar 25 11:37:04 CET 2013;84
Mon Mar 25 11:37:04 CET 2013;84
Mon Mar 25 11:37:05 CET 2013;84
Mon Mar 25 11:37:05 CET 2013;84
Mon Mar 25 11:37:05 CET 2013;84
Mon Mar 25 11:37:06 CET 2013;84
Mon Mar 25 11:37:06 CET 2013;84
Mon Mar 25 11:37:06 CET 2013;84
Mon Mar 25 11:37:07 CET 2013;84
Mon Mar 25 11:37:07 CET 2013;84
Mon Mar 25 11:37:08 CET 2013;84
Mon Mar 25 11:37:08 CET 2013;84
Mon Mar 25 11:37:09 CET 2013;84
Mon Mar 25 11:37:09 CET 2013;84
Mon Mar 25 11:37:09 CET 2013;84
Mon Mar 25 11:37:10 CET 2013;84
Mon Mar 25 11:37:10 CET 2013;84
Mon Mar 25 11:37:10 CET 2013;84
Mon Mar 25 11:37:11 CET 2013;84
Mon Mar 25 11:37:11 CET 2013;84
Mon Mar 25 11:37:11 CET 2013;84
Mon Mar 25 11:37:12 CET 2013;84
Mon Mar 25 11:37:12 CET 2013;84
Mon Mar 25 11:37:13 CET 2013;84
Mon Mar 25 11:37:13 CET 2013;84
Mon Mar 25 11:37:13 CET 2013;84
Mon Mar 25 11:37:14 CET 2013;84
Mon Mar 25 11:37:14 CET 2013;84
Mon Mar 25 11:37:15 CET 2013;84
Mon Mar 25 11:37:15 CET 2013;84
Mon Mar 25 11:37:15 CET 2013;84
Mon Mar 25 11:37:16 CET 2013;84
Mon Mar 25 11:37:16 CET 2013;84
Mon Mar 25 11:37:17 CET 2013;84
Mon Mar 25 11:37:17 CET 2013;84
Mon Mar 25 11:37:17 CET 2013;84
Mon Mar 25 11:37:18 CET 2013;84
Mon Mar 25 11:37:18 CET 2013;84
Mon Mar 25 11:37:19 CET 2013;84
Mon Mar 25 11:37:19 CET 2013;84
Mon Mar 25 11:37:19 CET 2013;84
Mon Mar 25 11:37:20 CET 2013;84
Mon Mar 25 11:37:20 CET 2013;84
Mon Mar 25 11:37:20 CET 2013;84
Mon Mar 25 11:37:21 CET 2013;84
Mon Mar 25 11:37:21 CET 2013;84
Mon Mar 25 11:37:22 CET 2013;84
Mon Mar 25 11:37:22 CET 2013;84
Mon Mar 25 11:37:22 CET 2013;84
Mon Mar 25 11:37:23 CET 2013;84
Mon Mar 25 11:37:23 CET 2013;84
Mon Mar 25 11:37:24 CET 2013;84
Mon Mar 25 11:37:24 CET 2013;84
Mon Mar 25 11:37:25 CET 2013;84
Mon Mar 25 11:37:25 CET 2013;84
Mon Mar 25 11:37:26 CET 2013;84
Mon Mar 25 11:37:26 CET 2013;84
Mon Mar 25 11:37:26 CET 2013;84
Mon Mar 25 11:37:27 CET 2013;84
Mon Mar 25 11:37:27 CET 2013;84
Mon Mar 25 11:37:27 CET 2013;84
Mon Mar 25 11:37:28 CET 2013;84
Mon Mar 25 11:37:28 CET 2013;84
Mon Mar 25 11:37:29 CET 2013;84
Mon Mar 25 11:37:29 CET 2013;84
Mon Mar 25 11:37:29 CET 2013;84
Mon Mar 25 11:37:30 CET 2013;84
Mon Mar 25 11:37:30 CET 2013;84
Mon Mar 25 11:37:30 CET 2013;84
Mon Mar 25 11:37:31 CET 2013;84
Mon Mar 25 11:37:31 CET 2013;84
Mon Mar 25 11:37:32 CET 2013;84
Mon Mar 25 11:37:32 CET 2013;84
Mon Mar 25 11:37:32 CET 2013;84
Mon Mar 25 11:37:33 CET 2013;84
Mon Mar 25 11:37:33 CET 2013;84
Mon Mar 25 11:37:33 CET 2013;84
Mon Mar 25 11:37:34 CET 2013;84
Mon Mar 25 11:37:34 CET 2013;84
Mon Mar 25 11:37:35 CET 2013;84
Mon Mar 25 11:37:35 CET 2013;80
Mon Mar 25 11:37:35 CET 2013;77
Mon Mar 25 11:37:36 CET 2013;74
Mon Mar 25 11:37:36 CET 2013;64
Mon Mar 25 11:37:36 CET 2013;56
Mon Mar 25 11:37:37 CET 2013;49
Mon Mar 25 11:37:37 CET 2013;44
Mon Mar 25 11:37:38 CET 2013;40
Mon Mar 25 11:37:38 CET 2013;37
Mon Mar 25 11:37:38 CET 2013;34
Mon Mar 25 11:37:39 CET 2013;32
Mon Mar 25 11:37:40 CET 2013;32
Mon Mar 25 11:37:40 CET 2013;32
Mon Mar 25 11:37:41 CET 2013;32
Mon Mar 25 11:37:42 CET 2013;32
Mon Mar 25 11:37:42 CET 2013;32
Mon Mar 25 11:37:43 CET 2013;32
Mon Mar 25 11:37:44 CET 2013;32
Mon Mar 25 11:37:44 CET 2013;32
Mon Mar 25 11:37:45 CET 2013;32
Mon Mar 25 11:37:46 CET 2013;32
Mon Mar 25 11:37:46 CET 2013;32
Mon Mar 25 11:37:47 CET 2013;32
Mon Mar 25 11:37:47 CET 2013;32
Mon Mar 25 11:37:48 CET 2013;32
Mon Mar 25 11:37:49 CET 2013;32
Mon Mar 25 11:37:49 CET 2013;32
Mon Mar 25 11:37:50 CET 2013;32
Mon Mar 25 11:37:51 CET 2013;32
Mon Mar 25 11:37:51 CET 2013;32
Mon Mar 25 11:37:52 CET 2013;32
Mon Mar 25 11:37:52 CET 2013;32
Mon Mar 25 11:37:53 CET 2013;32
Mon Mar 25 11:37:54 CET 2013;32
Mon Mar 25 11:37:54 CET 2013;32
Mon Mar 25 11:37:55 CET 2013;32
Mon Mar 25 11:37:56 CET 2013;32
Mon Mar 25 11:37:56 CET 2013;32
Mon Mar 25 11:37:57 CET 2013;32
Mon Mar 25 11:37:57 CET 2013;32
Mon Mar 25 11:37:58 CET 2013;32
Mon Mar 25 11:37:59 CET 2013;32
Mon Mar 25 11:37:59 CET 2013;32
Mon Mar 25 11:38:00 CET 2013;32
Mon Mar 25 11:38:00 CET 2013;32
Mon Mar 25 11:38:01 CET 2013;32
Mon Mar 25 11:38:02 CET 2013;32
Mon Mar 25 11:38:02 CET 2013;32
Mon Mar 25 11:38:03 CET 2013;32
Mon Mar 25 11:38:04 CET 2013;32
Mon Mar 25 11:38:04 CET 2013;32
Mon Mar 25 11:38:05 CET 2013;32
Mon Mar 25 11:38:06 CET 2013;32
Mon Mar 25 11:38:06 CET 2013;32
Mon Mar 25 11:38:07 CET 2013;32
Mon Mar 25 11:38:08 CET 2013;32
Mon Mar 25 11:38:08 CET 2013;32
Mon Mar 25 11:38:09 CET 2013;32
Mon Mar 25 11:38:09 CET 2013;32
Mon Mar 25 11:38:10 CET 2013;32
Mon Mar 25 11:38:11 CET 2013;32
Mon Mar 25 11:38:11 CET 2013;32
Mon Mar 25 11:38:12 CET 2013;32
Mon Mar 25 11:38:12 CET 2013;32
Mon Mar 25 11:38:13 CET 2013;32
Mon Mar 25 11:38:14 CET 2013;32
Mon Mar 25 11:38:14 CET 2013;32
Mon Mar 25 11:38:15 CET 2013;32
Mon Mar 25 11:38:16 CET 2013;32
Mon Mar 25 11:38:16 CET 2013;32
Mon Mar 25 11:38:17 CET 2013;32
Mon Mar 25 11:38:17 CET 2013;32
Mon Mar 25 11:38:18 CET 2013;32
Mon Mar 25 11:38:19 CET 2013;32
Mon Mar 25 11:38:19 CET 2013;32
Mon Mar 25 11:38:20 CET 2013;32
Mon Mar 25 11:38:21 CET 2013;32
Mon Mar 25 11:38:22 CET 2013;32
Mon Mar 25 11:38:22 CET 2013;32
Mon Mar 25 11:38:23 CET 2013;32
Mon Mar 25 11:38:24 CET 2013;32
Mon Mar 25 11:38:24 CET 2013;32
Mon Mar 25 11:38:25 CET 2013;32
Mon Mar 25 11:38:26 CET 2013;32
Mon Mar 25 11:38:26 CET 2013;32
Mon Mar 25 11:38:27 CET 2013;32
Mon Mar 25 11:38:27 CET 2013;32
Mon Mar 25 11:38:28 CET 2013;32
Mon Mar 25 11:38:29 CET 2013;32
Mon Mar 25 11:38:29 CET 2013;32
Mon Mar 25 11:38:30 CET 2013;32
Mon Mar 25 11:38:31 CET 2013;32
Mon Mar 25 11:38:31 CET 2013;32
Mon Mar 25 11:38:32 CET 2013;32
Mon Mar 25 11:38:33 CET 2013;32
Mon Mar 25 11:38:33 CET 2013;32
Mon Mar 25 11:38:34 CET 2013;32
Mon Mar 25 11:38:34 CET 2013;32
Mon Mar 25 11:38:35 CET 2013;32
Mon Mar 25 11:38:36 CET 2013;32
Mon Mar 25 11:38:36 CET 2013;32
Mon Mar 25 11:38:37 CET 2013;32
Mon Mar 25 11:38:38 CET 2013;32
Mon Mar 25 11:38:38 CET 2013;32
Mon Mar 25 11:38:39 CET 2013;32
Mon Mar 25 11:38:40 CET 2013;32
Mon Mar 25 11:38:40 CET 2013;32
Mon Mar 25 11:38:41 CET 2013;32
Mon Mar 25 11:38:42 CET 2013;32
Mon Mar 25 11:38:42 CET 2013;32
Mon Mar 25 11:38:43 CET 2013;32
Mon Mar 25 11:38:44 CET 2013;32
Mon Mar 25 11:38:44 CET 2013;32
Mon Mar 25 11:38:45 CET 2013;32
Mon Mar 25 11:38:46 CET 2013;32
Mon Mar 25 11:38:46 CET 2013;32
Mon Mar 25 11:38:47 CET 2013;32
Mon Mar 25 11:38:47 CET 2013;32
Mon Mar 25 11:38:48 CET 2013;32
Mon Mar 25 11:38:49 CET 2013;32
Mon Mar 25 11:38:49 CET 2013;32
Mon Mar 25 11:38:50 CET 2013;32
Mon Mar 25 11:38:51 CET 2013;32
Mon Mar 25 11:38:51 CET 2013;32
Mon Mar 25 11:38:52 CET 2013;32
Mon Mar 25 11:38:53 CET 2013;32
Mon Mar 25 11:38:53 CET 2013;32
Mon Mar 25 11:38:54 CET 2013;32
Mon Mar 25 11:38:55 CET 2013;32
Mon Mar 25 11:38:55 CET 2013;32
Mon Mar 25 11:38:56 CET 2013;32
Mon Mar 25 11:38:57 CET 2013;32
Mon Mar 25 11:38:57 CET 2013;32
Mon Mar 25 11:38:58 CET 2013;32
Mon Mar 25 11:38:59 CET 2013;32
Mon Mar 25 11:38:59 CET 2013;32
Mon Mar 25 11:39:00 CET 2013;32
Mon Mar 25 11:39:01 CET 2013;32
Mon Mar 25 11:39:01 CET 2013;32
Mon Mar 25 11:39:02 CET 2013;32
Mon Mar 25 11:39:03 CET 2013;32
Mon Mar 25 11:39:03 CET 2013;32
Mon Mar 25 11:39:04 CET 2013;32
Mon Mar 25 11:39:04 CET 2013;32
Mon Mar 25 11:39:05 CET 2013;32
Mon Mar 25 11:39:06 CET 2013;32
Mon Mar 25 11:39:06 CET 2013;32
Mon Mar 25 11:39:07 CET 2013;32
Mon Mar 25 11:39:08 CET 2013;32
Mon Mar 25 11:39:08 CET 2013;32
Mon Mar 25 11:39:09 CET 2013;32
Mon Mar 25 11:39:10 CET 2013;32
Mon Mar 25 11:39:10 CET 2013;32
Mon Mar 25 11:39:11 CET 2013;32
Mon Mar 25 11:39:12 CET 2013;32
Mon Mar 25 11:39:13 CET 2013;32
Mon Mar 25 11:39:14 CET 2013;32
Mon Mar 25 11:39:14 CET 2013;32
Mon Mar 25 11:39:15 CET 2013;32
Mon Mar 25 11:39:16 CET 2013;32
Mon Mar 25 11:39:16 CET 2013;32
Mon Mar 25 11:39:17 CET 2013;32
Mon Mar 25 11:39:17 CET 2013;32
Mon Mar 25 11:39:18 CET 2013;32
Mon Mar 25 11:39:19 CET 2013;32
Mon Mar 25 11:39:19 CET 2013;32
Mon Mar 25 11:39:20 CET 2013;32
Mon Mar 25 11:39:20 CET 2013;32
Mon Mar 25 11:39:21 CET 2013;32
Mon Mar 25 11:39:22 CET 2013;32
Mon Mar 25 11:39:22 CET 2013;32
Mon Mar 25 11:39:23 CET 2013;32
Mon Mar 25 11:39:24 CET 2013;32
Mon Mar 25 11:39:24 CET 2013;32
Mon Mar 25 11:39:25 CET 2013;32
Mon Mar 25 11:39:25 CET 2013;32
Mon Mar 25 11:39:26 CET 2013;32
Mon Mar 25 11:39:27 CET 2013;32
Mon Mar 25 11:39:27 CET 2013;32
Mon Mar 25 11:39:28 CET 2013;32
Mon Mar 25 11:39:29 CET 2013;32
Mon Mar 25 11:39:29 CET 2013;32
Mon Mar 25 11:39:30 CET 2013;32
Mon Mar 25 11:39:30 CET 2013;32
Mon Mar 25 11:39:31 CET 2013;32
Mon Mar 25 11:39:32 CET 2013;32
Mon Mar 25 11:39:32 CET 2013;32
Mon Mar 25 11:39:33 CET 2013;32
Mon Mar 25 11:39:34 CET 2013;32
Mon Mar 25 11:39:35 CET 2013;32
Mon Mar 25 11:39:35 CET 2013;32
Mon Mar 25 11:39:36 CET 2013;32
Mon Mar 25 11:39:37 CET 2013;32
Mon Mar 25 11:39:37 CET 2013;32
Mon Mar 25 11:39:38 CET 2013;32
Mon Mar 25 11:39:38 CET 2013;32
Mon Mar 25 11:39:39 CET 2013;32
Mon Mar 25 11:39:40 CET 2013;32
Mon Mar 25 11:39:40 CET 2013;32
Mon Mar 25 11:39:41 CET 2013;32
Mon Mar 25 11:39:42 CET 2013;32
Mon Mar 25 11:39:42 CET 2013;32
Mon Mar 25 11:39:43 CET 2013;32
Mon Mar 25 11:39:43 CET 2013;32
Mon Mar 25 11:39:44 CET 2013;32
Mon Mar 25 11:39:45 CET 2013;32
Mon Mar 25 11:39:45 CET 2013;32
Mon Mar 25 11:39:46 CET 2013;32
Mon Mar 25 11:39:46 CET 2013;32
Mon Mar 25 11:39:47 CET 2013;32
Mon Mar 25 11:39:48 CET 2013;32
Mon Mar 25 11:39:48 CET 2013;32
Mon Mar 25 11:39:49 CET 2013;32
Mon Mar 25 11:39:49 CET 2013;32
Mon Mar 25 11:39:50 CET 2013;32
Mon Mar 25 11:39:51 CET 2013;32
Mon Mar 25 11:39:51 CET 2013;32
Mon Mar 25 11:39:52 CET 2013;32
Mon Mar 25 11:39:53 CET 2013;32
Mon Mar 25 11:39:53 CET 2013;32
Mon Mar 25 11:39:54 CET 2013;32
Mon Mar 25 11:39:55 CET 2013;32
Mon Mar 25 11:39:55 CET 2013;32
Mon Mar 25 11:39:56 CET 2013;32
Mon Mar 25 11:39:56 CET 2013;32
Mon Mar 25 11:39:57 CET 2013;32
Mon Mar 25 11:39:58 CET 2013;32
Mon Mar 25 11:39:58 CET 2013;32
Mon Mar 25 11:39:59 CET 2013;32
Mon Mar 25 11:39:59 CET 2013;32
Mon Mar 25 11:40:00 CET 2013;32
Mon Mar 25 11:40:01 CET 2013;32
Mon Mar 25 11:40:01 CET 2013;32
Mon Mar 25 11:40:02 CET 2013;32
Mon Mar 25 11:40:03 CET 2013;32
Mon Mar 25 11:40:03 CET 2013;32
Mon Mar 25 11:40:04 CET 2013;32
Mon Mar 25 11:40:04 CET 2013;32
Mon Mar 25 11:40:05 CET 2013;32
Mon Mar 25 11:40:06 CET 2013;32
Mon Mar 25 11:40:06 CET 2013;32
Mon Mar 25 11:40:07 CET 2013;32
Mon Mar 25 11:40:08 CET 2013;32
Mon Mar 25 11:40:08 CET 2013;32
Mon Mar 25 11:40:09 CET 2013;32
Mon Mar 25 11:40:09 CET 2013;32
Mon Mar 25 11:40:10 CET 2013;32
Mon Mar 25 11:40:11 CET 2013;32
Mon Mar 25 11:40:11 CET 2013;32
Mon Mar 25 11:40:12 CET 2013;32
Mon Mar 25 11:40:12 CET 2013;32
Mon Mar 25 11:40:13 CET 2013;32
Mon Mar 25 11:40:14 CET 2013;32
Mon Mar 25 11:40:14 CET 2013;32
Mon Mar 25 11:40:15 CET 2013;32
Mon Mar 25 11:40:16 CET 2013;32
Mon Mar 25 11:40:16 CET 2013;32
Mon Mar 25 11:40:17 CET 2013;32
Mon Mar 25 11:40:17 CET 2013;32
Mon Mar 25 11:40:18 CET 2013;32
Mon Mar 25 11:40:19 CET 2013;32
Mon Mar 25 11:40:19 CET 2013;32
Mon Mar 25 11:40:20 CET 2013;32
Mon Mar 25 11:40:20 CET 2013;32
Mon Mar 25 11:40:21 CET 2013;32
Mon Mar 25 11:40:22 CET 2013;32
Mon Mar 25 11:40:23 CET 2013;32
Mon Mar 25 11:40:23 CET 2013;32
Mon Mar 25 11:40:24 CET 2013;32
Mon Mar 25 11:40:25 CET 2013;32
Mon Mar 25 11:40:25 CET 2013;32
Mon Mar 25 11:40:26 CET 2013;32
Mon Mar 25 11:40:27 CET 2013;32
Mon Mar 25 11:40:27 CET 2013;32
Mon Mar 25 11:40:28 CET 2013;32
Mon Mar 25 11:40:29 CET 2013;32
Mon Mar 25 11:40:29 CET 2013;32
Mon Mar 25 11:40:30 CET 2013;32
Mon Mar 25 11:40:30 CET 2013;32
Mon Mar 25 11:40:31 CET 2013;32
Mon Mar 25 11:40:32 CET 2013;32
Mon Mar 25 11:40:32 CET 2013;32
Mon Mar 25 11:40:33 CET 2013;32
Mon Mar 25 11:40:34 CET 2013;32
Mon Mar 25 11:40:34 CET 2013;32
Mon Mar 25 11:40:35 CET 2013;32
Mon Mar 25 11:40:35 CET 2013;32
Mon Mar 25 11:40:36 CET 2013;32
Mon Mar 25 11:40:37 CET 2013;32
Mon Mar 25 11:40:37 CET 2013;32
Mon Mar 25 11:40:38 CET 2013;32
Mon Mar 25 11:40:39 CET 2013;32
Mon Mar 25 11:40:39 CET 2013;32
Mon Mar 25 11:40:40 CET 2013;32
Mon Mar 25 11:40:41 CET 2013;32
Mon Mar 25 11:40:41 CET 2013;32
Mon Mar 25 11:40:42 CET 2013;32
Mon Mar 25 11:40:43 CET 2013;32
Mon Mar 25 11:40:43 CET 2013;32
Mon Mar 25 11:40:44 CET 2013;32
Mon Mar 25 11:40:44 CET 2013;32
Mon Mar 25 11:40:45 CET 2013;32
Mon Mar 25 11:40:46 CET 2013;32
Mon Mar 25 11:40:46 CET 2013;32
Mon Mar 25 11:40:47 CET 2013;32
Mon Mar 25 11:40:48 CET 2013;32
Mon Mar 25 11:40:48 CET 2013;32
Mon Mar 25 11:40:49 CET 2013;32
Mon Mar 25 11:40:50 CET 2013;32
Mon Mar 25 11:40:50 CET 2013;32
Mon Mar 25 11:40:51 CET 2013;32
Mon Mar 25 11:40:52 CET 2013;32
Mon Mar 25 11:40:52 CET 2013;32
Mon Mar 25 11:40:53 CET 2013;32
Mon Mar 25 11:40:53 CET 2013;32
Mon Mar 25 11:40:54 CET 2013;32
Mon Mar 25 11:40:55 CET 2013;32
Mon Mar 25 11:40:56 CET 2013;32
Mon Mar 25 11:40:56 CET 2013;32
Mon Mar 25 11:40:57 CET 2013;32
Mon Mar 25 11:40:58 CET 2013;32
Mon Mar 25 11:40:58 CET 2013;32
Mon Mar 25 11:40:59 CET 2013;32
Mon Mar 25 11:40:59 CET 2013;32
Mon Mar 25 11:41:00 CET 2013;32
Mon Mar 25 11:41:01 CET 2013;32
Mon Mar 25 11:41:01 CET 2013;32
Mon Mar 25 11:41:02 CET 2013;32
Mon Mar 25 11:41:03 CET 2013;32
Mon Mar 25 11:41:03 CET 2013;32
Mon Mar 25 11:41:04 CET 2013;33
Mon Mar 25 11:41:05 CET 2013;33
Mon Mar 25 11:41:05 CET 2013;33
Mon Mar 25 11:41:06 CET 2013;33
Mon Mar 25 11:41:06 CET 2013;33
Mon Mar 25 11:41:07 CET 2013;36
Mon Mar 25 11:41:07 CET 2013;37
Mon Mar 25 11:41:08 CET 2013;42
Mon Mar 25 11:41:08 CET 2013;46
Mon Mar 25 11:41:08 CET 2013;49
Mon Mar 25 11:41:09 CET 2013;53
Mon Mar 25 11:41:09 CET 2013;56
Mon Mar 25 11:41:09 CET 2013;59
Mon Mar 25 11:41:10 CET 2013;63
Mon Mar 25 11:41:10 CET 2013;66
Mon Mar 25 11:41:10 CET 2013;68
Mon Mar 25 11:41:11 CET 2013;72
Mon Mar 25 11:41:11 CET 2013;75
Mon Mar 25 11:41:12 CET 2013;79
Mon Mar 25 11:41:12 CET 2013;83
Mon Mar 25 11:41:12 CET 2013;86
Mon Mar 25 11:41:13 CET 2013;88
Mon Mar 25 11:41:13 CET 2013;90
Mon Mar 25 11:41:13 CET 2013;91
Mon Mar 25 11:41:14 CET 2013;92
Mon Mar 25 11:41:14 CET 2013;93
Mon Mar 25 11:41:14 CET 2013;93
Mon Mar 25 11:41:15 CET 2013;93
Mon Mar 25 11:41:15 CET 2013;93
Mon Mar 25 11:41:16 CET 2013;94
Mon Mar 25 11:41:16 CET 2013;94
Mon Mar 25 11:41:16 CET 2013;94
Mon Mar 25 11:41:17 CET 2013;94
Mon Mar 25 11:41:17 CET 2013;94
Mon Mar 25 11:41:18 CET 2013;94
Mon Mar 25 11:41:18 CET 2013;94
Mon Mar 25 11:41:18 CET 2013;94
Mon Mar 25 11:41:19 CET 2013;94
Mon Mar 25 11:41:19 CET 2013;94
Mon Mar 25 11:41:19 CET 2013;94
Mon Mar 25 11:41:20 CET 2013;94
Mon Mar 25 11:41:20 CET 2013;94
Mon Mar 25 11:41:21 CET 2013;94
Mon Mar 25 11:41:21 CET 2013;94
Mon Mar 25 11:41:21 CET 2013;94
Mon Mar 25 11:41:22 CET 2013;94
Mon Mar 25 11:41:22 CET 2013;94
Mon Mar 25 11:41:22 CET 2013;94
Mon Mar 25 11:41:23 CET 2013;94
Mon Mar 25 11:41:23 CET 2013;94
Mon Mar 25 11:41:24 CET 2013;94
Mon Mar 25 11:41:24 CET 2013;94
Mon Mar 25 11:41:24 CET 2013;94
Mon Mar 25 11:41:25 CET 2013;94
Mon Mar 25 11:41:25 CET 2013;94
Mon Mar 25 11:41:25 CET 2013;94
Mon Mar 25 11:41:26 CET 2013;94
Mon Mar 25 11:41:26 CET 2013;94
Mon Mar 25 11:41:26 CET 2013;94
Mon Mar 25 11:41:27 CET 2013;94
Mon Mar 25 11:41:27 CET 2013;94
Mon Mar 25 11:41:28 CET 2013;94
Mon Mar 25 11:41:28 CET 2013;94
Mon Mar 25 11:41:28 CET 2013;94
Mon Mar 25 11:41:29 CET 2013;94
Mon Mar 25 11:41:29 CET 2013;94
Mon Mar 25 11:41:30 CET 2013;94
Mon Mar 25 11:41:30 CET 2013;94
Mon Mar 25 12:05:30 CET 2013;75
Mon Mar 25 12:05:30 CET 2013;81
Mon Mar 25 12:05:31 CET 2013;86
Mon Mar 25 12:05:31 CET 2013;90
Mon Mar 25 12:05:31 CET 2013;93
Mon Mar 25 12:05:32 CET 2013;95
Mon Mar 25 12:05:32 CET 2013;97
Mon Mar 25 12:05:32 CET 2013;98
Mon Mar 25 12:05:33 CET 2013;99
Mon Mar 25 12:05:33 CET 2013;100
Mon Mar 25 12:05:34 CET 2013;100
Mon Mar 25 12:05:34 CET 2013;100
Mon Mar 25 12:05:34 CET 2013;100
Mon Mar 25 12:05:35 CET 2013;100
Mon Mar 25 12:05:35 CET 2013;100
Mon Mar 25 12:05:35 CET 2013;100
Mon Mar 25 12:05:36 CET 2013;100
Mon Mar 25 12:05:36 CET 2013;100
Mon Mar 25 12:05:37 CET 2013;100
Mon Mar 25 12:05:37 CET 2013;100
Mon Mar 25 12:05:38 CET 2013;100
Mon Mar 25 12:05:38 CET 2013;100
Mon Mar 25 12:05:38 CET 2013;100
Mon Mar 25 12:05:39 CET 2013;100
Mon Mar 25 12:05:39 CET 2013;100
Mon Mar 25 12:05:40 CET 2013;100
Mon Mar 25 12:05:40 CET 2013;100
Mon Mar 25 12:05:40 CET 2013;100
Mon Mar 25 12:05:41 CET 2013;100
Mon Mar 25 12:05:41 CET 2013;100
Mon Mar 25 12:05:42 CET 2013;100
Mon Mar 25 12:05:42 CET 2013;100
Mon Mar 25 12:05:42 CET 2013;100
Mon Mar 25 12:05:43 CET 2013;100
Mon Mar 25 12:05:43 CET 2013;100
Mon Mar 25 12:05:44 CET 2013;100
Mon Mar 25 12:05:44 CET 2013;100
Mon Mar 25 12:05:44 CET 2013;100
Mon Mar 25 12:05:45 CET 2013;100
Mon Mar 25 12:05:45 CET 2013;100
Mon Mar 25 12:05:46 CET 2013;100
Mon Mar 25 12:05:46 CET 2013;100
Mon Mar 25 12:05:46 CET 2013;100
Mon Mar 25 12:05:47 CET 2013;100
Mon Mar 25 12:05:47 CET 2013;100
Mon Mar 25 12:05:48 CET 2013;100
Mon Mar 25 12:05:48 CET 2013;100
Mon Mar 25 12:05:48 CET 2013;100
Mon Mar 25 12:05:49 CET 2013;100
Mon Mar 25 12:05:49 CET 2013;100
Mon Mar 25 12:05:50 CET 2013;100
Mon Mar 25 12:05:50 CET 2013;100
Mon Mar 25 12:05:50 CET 2013;98
Mon Mar 25 12:05:51 CET 2013;96
Mon Mar 25 12:05:51 CET 2013;92
Mon Mar 25 12:05:51 CET 2013;89
Mon Mar 25 12:05:52 CET 2013;87
Mon Mar 25 12:05:52 CET 2013;84
Mon Mar 25 12:05:53 CET 2013;81
Mon Mar 25 12:05:53 CET 2013;79
Mon Mar 25 12:05:53 CET 2013;77
Mon Mar 25 12:05:54 CET 2013;75
Mon Mar 25 12:05:54 CET 2013;74
Mon Mar 25 12:05:54 CET 2013;73
Mon Mar 25 12:05:55 CET 2013;72
Mon Mar 25 12:05:55 CET 2013;70
Mon Mar 25 12:05:56 CET 2013;69
Mon Mar 25 12:05:56 CET 2013;68
Mon Mar 25 12:05:56 CET 2013;66
Mon Mar 25 12:05:57 CET 2013;64
Mon Mar 25 12:05:57 CET 2013;61
Mon Mar 25 12:05:57 CET 2013;59
Mon Mar 25 12:05:58 CET 2013;57
Mon Mar 25 12:05:58 CET 2013;55
Mon Mar 25 12:05:59 CET 2013;53
Mon Mar 25 12:05:59 CET 2013;52
Mon Mar 25 12:05:59 CET 2013;51
Mon Mar 25 12:06:00 CET 2013;50
Mon Mar 25 12:06:00 CET 2013;49
Mon Mar 25 12:06:00 CET 2013;48
Mon Mar 25 12:06:01 CET 2013;48
Mon Mar 25 12:06:01 CET 2013;48
Mon Mar 25 12:06:02 CET 2013;48
Mon Mar 25 12:06:02 CET 2013;48
Mon Mar 25 12:06:02 CET 2013;48
Mon Mar 25 12:06:03 CET 2013;48
Mon Mar 25 12:06:03 CET 2013;49
Mon Mar 25 12:06:03 CET 2013;50
Mon Mar 25 12:06:04 CET 2013;51
Mon Mar 25 12:06:04 CET 2013;53
Mon Mar 25 12:06:05 CET 2013;55
Mon Mar 25 12:06:05 CET 2013;57
Mon Mar 25 12:06:05 CET 2013;59
Mon Mar 25 12:06:06 CET 2013;61
Mon Mar 25 12:06:06 CET 2013;62
Mon Mar 25 12:06:07 CET 2013;63
Mon Mar 25 12:06:07 CET 2013;64
Mon Mar 25 12:06:07 CET 2013;65
Mon Mar 25 12:06:08 CET 2013;65
Mon Mar 25 12:06:08 CET 2013;65
Mon Mar 25 12:06:08 CET 2013;65
Mon Mar 25 12:06:09 CET 2013;65
Mon Mar 25 12:06:09 CET 2013;66
Mon Mar 25 12:06:09 CET 2013;66
Mon Mar 25 12:06:10 CET 2013;66
Mon Mar 25 12:06:10 CET 2013;68
Mon Mar 25 12:06:11 CET 2013;70
Mon Mar 25 12:06:11 CET 2013;71
Mon Mar 25 12:06:11 CET 2013;75
Mon Mar 25 12:06:12 CET 2013;78
Mon Mar 25 12:06:12 CET 2013;81
Mon Mar 25 12:06:12 CET 2013;83
Mon Mar 25 12:06:13 CET 2013;85
Mon Mar 25 12:06:13 CET 2013;86
Mon Mar 25 12:06:14 CET 2013;87
Mon Mar 25 12:06:14 CET 2013;88
Mon Mar 25 12:06:14 CET 2013;88
Mon Mar 25 12:06:15 CET 2013;88
Mon Mar 25 12:06:15 CET 2013;88
Mon Mar 25 12:06:15 CET 2013;88
Mon Mar 25 12:06:16 CET 2013;88
Mon Mar 25 12:06:16 CET 2013;88
Mon Mar 25 12:06:16 CET 2013;88
Mon Mar 25 12:06:17 CET 2013;88
Mon Mar 25 12:06:17 CET 2013;88
Mon Mar 25 12:06:18 CET 2013;88
Mon Mar 25 12:06:18 CET 2013;87
Mon Mar 25 12:06:18 CET 2013;86
Mon Mar 25 12:06:19 CET 2013;86
Mon Mar 25 12:06:19 CET 2013;85
Mon Mar 25 12:06:20 CET 2013;84
Mon Mar 25 12:06:20 CET 2013;84
Mon Mar 25 12:06:20 CET 2013;84
Mon Mar 25 12:06:21 CET 2013;83
Mon Mar 25 12:06:21 CET 2013;82
Mon Mar 25 12:06:22 CET 2013;82
Mon Mar 25 12:06:22 CET 2013;82
Mon Mar 25 12:06:22 CET 2013;81
Mon Mar 25 12:06:23 CET 2013;80
Mon Mar 25 12:06:23 CET 2013;79
Mon Mar 25 12:06:23 CET 2013;72
Mon Mar 25 12:06:24 CET 2013;67
Mon Mar 25 12:06:24 CET 2013;58
Mon Mar 25 12:06:24 CET 2013;51
Mon Mar 25 12:06:25 CET 2013;46
Mon Mar 25 12:06:25 CET 2013;42
Mon Mar 25 12:06:26 CET 2013;39
Mon Mar 25 12:06:26 CET 2013;36
Mon Mar 25 12:06:26 CET 2013;34
Mon Mar 25 12:06:27 CET 2013;32
Mon Mar 25 12:06:27 CET 2013;32
Mon Mar 25 12:06:28 CET 2013;32
Mon Mar 25 12:06:29 CET 2013;32
Mon Mar 25 12:06:29 CET 2013;32
Mon Mar 25 12:06:30 CET 2013;32
Mon Mar 25 12:06:30 CET 2013;32
Mon Mar 25 12:06:31 CET 2013;32
Mon Mar 25 12:06:32 CET 2013;32
Mon Mar 25 12:06:32 CET 2013;32
Mon Mar 25 12:06:33 CET 2013;32
Mon Mar 25 12:06:33 CET 2013;32
